[
  {
    "name": "Teste solo ofc",
    "groupId": "120363025918861132@g.us",
    "antiimg": false,
    "antivideo": false,
    "antiaudio": false,
    "antisticker": false,
    "antidoc": false,
    "antictt": false,
    "antiloc": false,
    "antilinkgp": false,
    "antilinkhard": false,
    "antifake": false,
    "antimarc": true,
    "antiview": false,
    "antinotas": false,
    "anticatalogo": false,
    "antiporn": false,
    "listanegra": [],
    "antipalavrao": {
      "active": false,
      "palavras": []
    },
    "limitec": {
      "active": false,
      "quantidade": null
    },
    "wellcome": [
      {
        "bemvindo1": false,
        "legendabv": "Olá #numerodele#, seja bem vindo (a)",
        "legendasaiu": null
      },
      {
        "bemvindo2": false,
        "legendabv": "Olá #numerodele#, seja bem vindo (a)",
        "legendasaiu": null
      }
    ],
    "simi1": false,
    "simi2": false,
    "autosticker": false,
    "autoresposta": false,
    "jogos": true,
    "level": false,
    "bangp": false,
    "nsfw": true
  }
]
