[
  {
    "name": "🏴‍☠️BRA E-SPORTS🗡",
    "groupId": "5511969791602-1629423143@g.us",
    "antiimg": false,
    "antivideo": false,
    "antiaudio": false,
    "antisticker": false,
    "antidoc": false,
    "antictt": false,
    "antiloc": false,
    "antilinkgp": false,
    "antilinkhard": false,
    "antifake": false,
    "antimarc": false,
    "antiview": false,
    "antinotas": false,
    "anticatalogo": false,
    "antiporn": false,
    "listanegra": [],
    "antipalavrao": {
      "active": false,
      "palavras": []
    },
    "limitec": {
      "active": false,
      "quantidade": null
    },
    "wellcome": [
      {
        "bemvindo1": false,
        "legendabv": "Olá #numerodele#, seja bem vindo (a)",
        "legendasaiu": null
      },
      {
        "bemvindo2": false,
        "legendabv": "Olá #numerodele#, seja bem vindo (a)",
        "legendasaiu": null
      }
    ],
    "simi1": false,
    "simi2": false,
    "autosticker": false,
    "autoresposta": false,
    "jogos": false,
    "level": false,
    "bangp": false,
    "nsfw": false
  }
]
