[{"groupId":"120363045722970555@g.us","comandos":[]},{"groupId":"120363041759698518@g.us","comandos":[]},{"groupId":"120363042733130091@g.us","comandos":[]},{"groupId":"120363040481921322@g.us","comandos":[]},{"groupId":"120363041217653988@g.us","comandos":[]},{"groupId":"120363043147050641@g.us","comandos":[]},{"groupId":"120363025918861132@g.us","comandos":[]},{"groupId":"120363024360260984@g.us","comandos":[]},{"groupId":"120363027838480800@g.us","comandos":["reviver","add"]},{"groupId":"120363042537531116@g.us","comandos":[]},{"groupId":"120363044529127128@g.us","comandos":["reviver","add"]},{"groupId":"5511951551718-1626478565@g.us","comandos":["reviver","add"]},{"groupId":"5511969791602-1629423143@g.us","comandos":[]}]