[{"Nick":"𝙱𝙻𝙰𝙲𝙺- 𝙼𝙳 🥴","dinheiro":1393},{"Nick":"","dinheiro":12076},{"Nick":"Deathmodder ϟ owner Deep🧪","dinheiro":0},{"Nick":"Lopes Modz","dinheiro":604},{"Nick":"Sr. Yoshi Mods","dinheiro":44},{"Nick":"LUFFY BOT","dinheiro":0},{"Nick":"〖ᴷⁱⁿᴳ​ᦔ​ꫀ​᥊𝓽​ꫀ𝘳♔","dinheiro":0},{"Nick":"Mar","dinheiro":0},{"Nick":"Kurumi-Bot","dinheiro":0},{"Nick":"Pedringod Ofc","dinheiro":102},{"Nick":"Offline","dinheiro":500},{"Nick":"Jubileu","dinheiro":0},{"Nick":"🪓ꪾ〬ꩌ۪ঔৣ͜͡𝙎𝙧-𝙆𝙧𝙖𝙩𝙤𝙨⏣™🔥","dinheiro":94},{"Nick":"꧁☾⃟࿅╋🩸ℒ⃢♛Guillerℛ⃢♚🩸╋࿅⃟❂꧂","dinheiro":7},{"Nick":"Sr Goten","dinheiro":500},{"Nick":"Luiz","dinheiro":53},{"Nick":"Cleiton","dinheiro":0},{"Nick":"ꪶ᭖͜͡Joab ᭄ꫂ","dinheiro":0},{"Nick":"Bruno","dinheiro":0},{"Nick":"My Name Is Trick 🤓","dinheiro":0},{"Nick":"Suporte Norton","dinheiro":0},{"Nick":"⸼ ࣪▪:𝐁𝐥α𝕔𝓚𝕫𝕚𝐍 ׂ, ׅ∦","dinheiro":2716},{"Nick":"ঔৣ͜͡ீ͜❥͜𝐀𝐐𝐔𝐀","dinheiro":0},{"Nick":"David","dinheiro":0},{"Nick":"@Hypezin | SOLO","dinheiro":91},{"Nick":"𝐖𝐎𝐋F🥀✉️","dinheiro":315},{"Nick":"Virus","dinheiro":0},{"Nick":"𓃵","dinheiro":0},{"Nick":".","dinheiro":851},{"Nick":"ᴹᴿ᭄Awͥaiͣsͫ Prince","dinheiro":0},{"Nick":"Wolf OFC","dinheiro":0},{"Nick":"hafidlah","dinheiro":15},{"Nick":"PLK","dinheiro":278},{"Nick":"LOPES BOT","dinheiro":92},{"Nick":"𝙍𝙏𝙯𝙞𝙉『14𝙆』modder","dinheiro":490},{"Nick":"Lost in 🌔🌚","dinheiro":175},{"Nick":"𓂀","dinheiro":564},{"Nick":"ꪶ𝗟𝗜𝗚𝗛𝗧 𝗕𝗢𝗧-𝗠𝗗ꫂ","dinheiro":41},{"Nick":"💥lipizinho 💥","dinheiro":1360},{"Nick":"Tráfico De Açai😁🥰","dinheiro":140},{"Nick":"𝐀𝐥𝐢𝐳𝐢𝐧𝐱 𝐦𝐨𝐝𝐨 𝐬𝐨𝐥𝐨","dinheiro":11},{"Nick":"😘","dinheiro":154},{"Nick":"offline","dinheiro":132},{"Nick":"Alomair","dinheiro":9},{"Nick":"𝑫𝒆𝒂𝒕𝒉𝑴𝒐𝒅𝒅𝒆𝒓 ϟ  🧪","dinheiro":138},{"Nick":"➶ ̟𝚩ꪱ࡚ᧉໍ𝗜 ֪や ֗","dinheiro":190},{"Nick":"🚸⃪֟፝🎡⃞꛰𝐋𝐨𝐭𝐮𝐬᭄❀⃯ ⃝⃔🇯🇵⁩","dinheiro":18513},{"Nick":"Vangeance","dinheiro":341},{"Nick":"Rafael","dinheiro":6846},{"Nick":"Bot Fox","dinheiro":402},{"Nick":"Nero","dinheiro":4278},{"Nick":"Josival Ribeiro","dinheiro":1033},{"Nick":"𝑴.𝑺𝒄𝒉𝒆𝒚𝒐𝒕 𝒀𝑻𝑩🫡","dinheiro":726},{"Nick":"𓅓➪☕︎Տͥamuël𝚝al✞☜︎︎︎","dinheiro":1655},{"Nick":"ESDEATH BOT","dinheiro":277},{"Nick":"𝑺𝑹 ~ 𝑳𝑼𝑭𝑭𝒀","dinheiro":2112},{"Nick":"Saikyo","dinheiro":1214},{"Nick":"Kauan Jardini","dinheiro":915},{"Nick":"♤","dinheiro":102},{"Nick":"paulo henrique","dinheiro":103},{"Nick":"Sakura-Botv5","dinheiro":71},{"Nick":"Scheyot-Ytb〽️","dinheiro":1188},{"Nick":"É O SCHEYOT TÁ VIDA?🎗️💻","dinheiro":1147},{"Nick":"ঔৣ☬✞ 𝐿𝒪𝑅𝒟 𝑀𝒜𝒟𝒴  ✞☬ঔৣ","dinheiro":46},{"Nick":"case 'LICHT SAN':","dinheiro":132},{"Nick":"s𝖆𝖒𝖚𝖊𝖑_Łm/.🏌🏻‍♂️🤝","dinheiro":92},{"Nick":"🧙🏻‍♂️ O⃤ ᗷᖇᑌ᙭O 🧙🏻‍♂️","dinheiro":36},{"Nick":"h의 디오고","dinheiro":95},{"Nick":"Bzns","dinheiro":194},{"Nick":"Beca","dinheiro":192},{"Nick":"🤷🏽‍♂️","dinheiro":287},{"Nick":"👺Kira📓🖋️","dinheiro":143},{"Nick":"Cₐzₑdᵤₐᵣdₒ","dinheiro":502},{"Nick":"Dante _","dinheiro":115},{"Nick":"Kevin","dinheiro":407},{"Nick":"𝕱𝖎𝖔𝖙𝖊 𝖙𝖊𝖗𝖗𝖔𝖗 𝕯𝖊𝖑𝖊𝖘👌","dinheiro":45},{"Nick":"RONAN ","dinheiro":91},{"Nick":"Vini","dinheiro":1686},{"Nick":"𝐵̽𝑙𝑎𝑐𝑘死","dinheiro":50},{"Nick":"Maria","dinheiro":26},{"Nick":"🌚","dinheiro":29},{"Nick":"Aqua Bot Oficial","dinheiro":514},{"Nick":"Cj","dinheiro":110},{"Nick":"꧁  𝑮𝒆𝒂𝒏✓ ꧂","dinheiro":247},{"Nick":"𝑻𝚯𝛭𝑰𝚯𝜥𝛥 𝑵𝜩𝑻","dinheiro":13},{"Nick":"Wésley 🎴","dinheiro":81},{"Nick":"Guxtakkkj","dinheiro":156},{"Nick":"ī.mr","dinheiro":576},{"Nick":"𝐁𝐨𝐭 𝐅𝐨𝐱","dinheiro":76},{"Nick":"ī.mc/\n\n\n\n\n\n\n\n\n\n\n\n\n\n\n\n\n\n\nඞ","dinheiro":16},{"Nick":"ⒸⓎⒷⒺⓇ ⓁⓄⓁⒾⓈ | GUSS™","dinheiro":98},{"Nick":"Pablo Fellypp😎","dinheiro":69},{"Nick":"Laiane","dinheiro":1071},{"Nick":"—͟͟͞͞ 🖤⸽⃟⛓️ᴀɴɪɴʜᴀ⛦∘̥⃟⛓️","dinheiro":524},{"Nick":"Elias","dinheiro":189},{"Nick":"꧁༒☬ᤂℌ໔ℜ؏ৡ☬༒꧂","dinheiro":2461},{"Nick":"♚ঔৣ♘кคzмคภ C๏๔є♘ঔৣ♚","dinheiro":788},{"Nick":"☕cafézinho☕","dinheiro":1184},{"Nick":"RV","dinheiro":71},{"Nick":"Guto🍃","dinheiro":118},{"Nick":"Nezuko Kamado","dinheiro":34},{"Nick":"http://ī.mn VINGADOR 2","dinheiro":42},{"Nick":"ｄＡＮＩＥＬ ｄＲＫ ༒༆","dinheiro":43},{"Nick":"ꪶ͢𝑮𝑶𝑶𝑫ꫂ • ꪶ͢𝑮𝒉𝒐𝒔𝒕ꫂ","dinheiro":962},{"Nick":"OPA","dinheiro":23},{"Nick":"Athos","dinheiro":63},{"Nick":"private hudson","dinheiro":99},{"Nick":"+88 | shpvtxzzz 🏌🏻‍♂️","dinheiro":190},{"Nick":"ī.mc//𝗦͢𝐄𝐍𝐏𝐀𝐈 👞","dinheiro":68},{"Nick":"亗 𝑆⃯𝑃𝐶᭄𝙎𝘼𝘿𝘾𝙍𝙄𝘼","dinheiro":120},{"Nick":"Elohim","dinheiro":64},{"Nick":"「Breno Henrique」","dinheiro":20},{"Nick":"Nicoly","dinheiro":39},{"Nick":"samuel  ㅤㅤㅤ ㅤㅤ ㅤㅤㅤㅤ ㅤㅤㅤㅤ","dinheiro":576},{"Nick":"Akaza❄️","dinheiro":30},{"Nick":"🔥","dinheiro":86},{"Nick":"Cannot Find Module","dinheiro":247},{"Nick":"Lnzada Bot💝","dinheiro":261},{"Nick":"𝄞۝Lone𓆃 𓃥","dinheiro":111},{"Nick":"F7zinn_boy","dinheiro":26}]